{
  "generated_at": "2026-06-18T00:56:21.186Z",
  "node": "v22.17.1",
  "runs_per_command": 3,
  "scales": [
    {
      "file_count": 3000,
      "index_time_ms": 397.366083,
      "current_db": {
        "file_bytes": 6049792,
        "page_count": 1477,
        "page_size": 4096,
        "page_bytes": 6049792,
        "rows": {
          "files": 3002,
          "symbols": 6001,
          "imports": 3000,
          "routes": 0,
          "edges": 9001
        }
      },
      "contentless_fts_db": {
        "file_bytes": 4591616,
        "page_count": 1121,
        "page_size": 4096,
        "page_bytes": 4591616,
        "rows": {
          "files": 3002,
          "symbols": 6001,
          "imports": 3000,
          "routes": 0,
          "edges": 9001
        }
      },
      "contentless_fts_size_delta_percent": -24.102911306702776,
      "commands": {
        "code_status": {
          "runs": 3,
          "min_ms": 142.805458,
          "median_ms": 143.663084,
          "p95_ms": 144.129833,
          "max_ms": 144.129833
        },
        "code_context_pack": {
          "runs": 3,
          "min_ms": 146.69425,
          "median_ms": 146.953375,
          "p95_ms": 153.030583,
          "max_ms": 153.030583
        },
        "code_impact": {
          "runs": 3,
          "min_ms": 151.296542,
          "median_ms": 151.578875,
          "p95_ms": 151.809625,
          "max_ms": 151.809625
        },
        "code_report_coverage": {
          "runs": 3,
          "min_ms": 142.173792,
          "median_ms": 142.693958,
          "p95_ms": 144.289667,
          "max_ms": 144.289667
        }
      },
      "query_groups": {
        "file_search_path": {
          "runs": 3,
          "min_ms": 0.969542,
          "median_ms": 1.03325,
          "p95_ms": 1.433708,
          "max_ms": 1.433708,
          "rows": 1
        },
        "symbol_search_single_token": {
          "runs": 3,
          "min_ms": 1.880125,
          "median_ms": 2.061708,
          "p95_ms": 2.188625,
          "max_ms": 2.188625,
          "rows": 1
        },
        "symbol_search_multi_token": {
          "runs": 3,
          "min_ms": 2.487542,
          "median_ms": 2.55425,
          "p95_ms": 2.647084,
          "max_ms": 2.647084,
          "rows": 1
        },
        "route_contains": {
          "runs": 3,
          "min_ms": 0.371166,
          "median_ms": 0.382833,
          "p95_ms": 0.394834,
          "max_ms": 0.394834,
          "rows": 0
        },
        "import_contains": {
          "runs": 3,
          "min_ms": 0.32775,
          "median_ms": 0.341625,
          "p95_ms": 0.396042,
          "max_ms": 0.396042,
          "rows": 75
        },
        "edge_contains": {
          "runs": 3,
          "min_ms": 1.160875,
          "median_ms": 1.225333,
          "p95_ms": 1.276917,
          "max_ms": 1.276917,
          "rows": 100
        }
      },
      "query_plans": {
        "file_prefix_like": [
          "SCAN files USING COVERING INDEX sqlite_autoindex_files_1"
        ],
        "file_contains_like": [
          "SCAN files USING COVERING INDEX sqlite_autoindex_files_1"
        ],
        "symbol_contains_like": [
          "SCAN symbols USING INDEX idx_symbols_file",
          "USE TEMP B-TREE FOR LAST TERM OF ORDER BY"
        ],
        "route_contains_like": [
          "SCAN routes",
          "USE TEMP B-TREE FOR ORDER BY"
        ],
        "import_contains_like": [
          "SCAN imports USING INDEX idx_imports_from",
          "USE TEMP B-TREE FOR LAST TERM OF ORDER BY"
        ]
      }
    },
    {
      "file_count": 10000,
      "index_time_ms": 939.321875,
      "current_db": {
        "file_bytes": 20336640,
        "page_count": 4965,
        "page_size": 4096,
        "page_bytes": 20336640,
        "rows": {
          "files": 10002,
          "symbols": 20001,
          "imports": 10000,
          "routes": 0,
          "edges": 30001
        }
      },
      "contentless_fts_db": {
        "file_bytes": 15286272,
        "page_count": 3732,
        "page_size": 4096,
        "page_bytes": 15286272,
        "rows": {
          "files": 10002,
          "symbols": 20001,
          "imports": 10000,
          "routes": 0,
          "edges": 30001
        }
      },
      "contentless_fts_size_delta_percent": -24.83383685800604,
      "commands": {
        "code_status": {
          "runs": 3,
          "min_ms": 204.271,
          "median_ms": 205.103792,
          "p95_ms": 207.862708,
          "max_ms": 207.862708
        },
        "code_context_pack": {
          "runs": 3,
          "min_ms": 222.790125,
          "median_ms": 223.158666,
          "p95_ms": 223.89,
          "max_ms": 223.89
        },
        "code_impact": {
          "runs": 3,
          "min_ms": 236.5255,
          "median_ms": 236.543542,
          "p95_ms": 237.41875,
          "max_ms": 237.41875
        },
        "code_report_coverage": {
          "runs": 3,
          "min_ms": 204.558875,
          "median_ms": 206.0445,
          "p95_ms": 206.9475,
          "max_ms": 206.9475
        }
      },
      "query_groups": {
        "file_search_path": {
          "runs": 3,
          "min_ms": 2.491375,
          "median_ms": 2.518208,
          "p95_ms": 2.595791,
          "max_ms": 2.595791,
          "rows": 1
        },
        "symbol_search_single_token": {
          "runs": 3,
          "min_ms": 6.486042,
          "median_ms": 6.643583,
          "p95_ms": 6.78,
          "max_ms": 6.78,
          "rows": 1
        },
        "symbol_search_multi_token": {
          "runs": 3,
          "min_ms": 8.172583,
          "median_ms": 8.29175,
          "p95_ms": 8.532792,
          "max_ms": 8.532792,
          "rows": 1
        },
        "route_contains": {
          "runs": 3,
          "min_ms": 0.273833,
          "median_ms": 0.327875,
          "p95_ms": 0.342542,
          "max_ms": 0.342542,
          "rows": 0
        },
        "import_contains": {
          "runs": 3,
          "min_ms": 0.327375,
          "median_ms": 0.383458,
          "p95_ms": 0.41175,
          "max_ms": 0.41175,
          "rows": 75
        },
        "edge_contains": {
          "runs": 3,
          "min_ms": 3.012708,
          "median_ms": 3.024083,
          "p95_ms": 3.145875,
          "max_ms": 3.145875,
          "rows": 100
        }
      },
      "query_plans": {
        "file_prefix_like": [
          "SCAN files USING COVERING INDEX sqlite_autoindex_files_1"
        ],
        "file_contains_like": [
          "SCAN files USING COVERING INDEX sqlite_autoindex_files_1"
        ],
        "symbol_contains_like": [
          "SCAN symbols USING INDEX idx_symbols_file",
          "USE TEMP B-TREE FOR LAST TERM OF ORDER BY"
        ],
        "route_contains_like": [
          "SCAN routes",
          "USE TEMP B-TREE FOR ORDER BY"
        ],
        "import_contains_like": [
          "SCAN imports USING INDEX idx_imports_from",
          "USE TEMP B-TREE FOR LAST TERM OF ORDER BY"
        ]
      }
    },
    {
      "file_count": 50000,
      "index_time_ms": 6201.559792,
      "current_db": {
        "file_bytes": 102354944,
        "page_count": 24989,
        "page_size": 4096,
        "page_bytes": 102354944,
        "rows": {
          "files": 50002,
          "symbols": 100001,
          "imports": 50000,
          "routes": 0,
          "edges": 150001
        }
      },
      "contentless_fts_db": {
        "file_bytes": 77066240,
        "page_count": 18815,
        "page_size": 4096,
        "page_bytes": 77066240,
        "rows": {
          "files": 50002,
          "symbols": 100001,
          "imports": 50000,
          "routes": 0,
          "edges": 150001
        }
      },
      "contentless_fts_size_delta_percent": -24.70687102325023,
      "commands": {
        "code_status": {
          "runs": 3,
          "min_ms": 627.123,
          "median_ms": 629.215333,
          "p95_ms": 635.230083,