{
  "generated_at": "2026-06-17T23:49:23.813Z",
  "node": "v22.19.0",
  "runs_per_command": 3,
  "scales": [
    {
      "file_count": 3000,
      "index_time_ms": 401.245833,
      "current_db": {
        "file_bytes": 6049792,
        "page_count": 1477,
        "page_size": 4096,
        "page_bytes": 6049792,
        "rows": {
          "files": 3002,
          "symbols": 6001,
          "imports": 3000,
          "routes": 0,
          "edges": 9001
        }
      },
      "contentless_fts_db": {
        "file_bytes": 4591616,
        "page_count": 1121,
        "page_size": 4096,
        "page_bytes": 4591616,
        "rows": {
          "files": 3002,
          "symbols": 6001,
          "imports": 3000,
          "routes": 0,
          "edges": 9001
        }
      },
      "contentless_fts_size_delta_percent": -24.102911306702776,
      "commands": {
        "code_status": {
          "runs": 3,
          "min_ms": 147.882333,
          "median_ms": 149.22625,
          "p95_ms": 151.881667,
          "max_ms": 151.881667
        },
        "code_context_pack": {
          "runs": 3,
          "min_ms": 150.210125,
          "median_ms": 154.267708,
          "p95_ms": 156.637583,
          "max_ms": 156.637583
        },
        "code_impact": {
          "runs": 3,
          "min_ms": 156.949875,
          "median_ms": 161.051666,
          "p95_ms": 163.326833,
          "max_ms": 163.326833
        },
        "code_report_coverage": {
          "runs": 3,
          "min_ms": 145.636958,
          "median_ms": 146.82425,
          "p95_ms": 147.652667,
          "max_ms": 147.652667
        }
      },
      "query_groups": {
        "file_search_path": {
          "runs": 3,
          "min_ms": 0.959209,
          "median_ms": 1.128542,
          "p95_ms": 1.582667,
          "max_ms": 1.582667,
          "rows": 1
        },
        "symbol_search_single_token": {
          "runs": 3,
          "min_ms": 2.00075,
          "median_ms": 2.183625,
          "p95_ms": 2.378625,
          "max_ms": 2.378625,
          "rows": 1
        },
        "symbol_search_multi_token": {
          "runs": 3,
          "min_ms": 2.070709,
          "median_ms": 2.286708,
          "p95_ms": 2.435375,
          "max_ms": 2.435375,
          "rows": 1
        },
        "route_contains": {
          "runs": 3,
          "min_ms": 0.347083,
          "median_ms": 0.407,
          "p95_ms": 0.468459,
          "max_ms": 0.468459,
          "rows": 0
        },
        "import_contains": {
          "runs": 3,
          "min_ms": 0.418291,
          "median_ms": 0.486459,
          "p95_ms": 0.501084,
          "max_ms": 0.501084,
          "rows": 75
        },
        "edge_contains": {
          "runs": 3,
          "min_ms": 1.240125,
          "median_ms": 1.3135,
          "p95_ms": 1.330041,
          "max_ms": 1.330041,
          "rows": 100
        }
      },
      "query_plans": {
        "file_prefix_like": [
          "SCAN files USING COVERING INDEX sqlite_autoindex_files_1"
        ],
        "file_contains_like": [
          "SCAN files USING COVERING INDEX sqlite_autoindex_files_1"
        ],
        "symbol_contains_like": [
          "SCAN symbols USING INDEX idx_symbols_file",
          "USE TEMP B-TREE FOR LAST TERM OF ORDER BY"
        ],
        "route_contains_like": [
          "SCAN routes",
          "USE TEMP B-TREE FOR ORDER BY"
        ],
        "import_contains_like": [
          "SCAN imports USING INDEX idx_imports_from",
          "USE TEMP B-TREE FOR LAST TERM OF ORDER BY"
        ]
      }
    },
    {
      "file_count": 10000,
      "index_time_ms": 951.593167,
      "current_db": {
        "file_bytes": 20336640,
        "page_count": 4965,
        "page_size": 4096,
        "page_bytes": 20336640,
        "rows": {
          "files": 10002,
          "symbols": 20001,
          "imports": 10000,
          "routes": 0,
          "edges": 30001
        }
      },
      "contentless_fts_db": {
        "file_bytes": 15286272,
        "page_count": 3732,
        "page_size": 4096,
        "page_bytes": 15286272,
        "rows": {
          "files": 10002,
          "symbols": 20001,
          "imports": 10000,
          "routes": 0,
          "edges": 30001
        }
      },
      "contentless_fts_size_delta_percent": -24.83383685800604,
      "commands": {
        "code_status": {
          "runs": 3,
          "min_ms": 215.898625,
          "median_ms": 216.068083,
          "p95_ms": 218.436958,
          "max_ms": 218.436958
        },
        "code_context_pack": {
          "runs": 3,
          "min_ms": 220.819125,
          "median_ms": 231.953708,
          "p95_ms": 235.533334,
          "max_ms": 235.533334
        },
        "code_impact": {
          "runs": 3,
          "min_ms": 241.91175,
          "median_ms": 251.687291,
          "p95_ms": 253.274666,
          "max_ms": 253.274666
        },
        "code_report_coverage": {
          "runs": 3,
          "min_ms": 203.18025,
          "median_ms": 203.285833,
          "p95_ms": 206.244875,
          "max_ms": 206.244875
        }
      },
      "query_groups": {
        "file_search_path": {
          "runs": 3,
          "min_ms": 2.385417,
          "median_ms": 2.586666,
          "p95_ms": 2.610875,
          "max_ms": 2.610875,
          "rows": 1
        },
        "symbol_search_single_token": {
          "runs": 3,
          "min_ms": 6.290875,
          "median_ms": 6.454917,
          "p95_ms": 7.053834,
          "max_ms": 7.053834,
          "rows": 1
        },
        "symbol_search_multi_token": {
          "runs": 3,
          "min_ms": 6.585334,
          "median_ms": 6.815792,
          "p95_ms": 6.984792,
          "max_ms": 6.984792,
          "rows": 1
        },
        "route_contains": {
          "runs": 3,
          "min_ms": 0.323208,
          "median_ms": 0.362833,
          "p95_ms": 0.497625,
          "max_ms": 0.497625,
          "rows": 0
        },
        "import_contains": {
          "runs": 3,
          "min_ms": 0.354042,
          "median_ms": 0.358833,
          "p95_ms": 0.51725,
          "max_ms": 0.51725,
          "rows": 75
        },
        "edge_contains": {
          "runs": 3,
          "min_ms": 3.200666,
          "median_ms": 3.233958,
          "p95_ms": 3.474,
          "max_ms": 3.474,
          "rows": 100
        }
      },
      "query_plans": {
        "file_prefix_like": [
          "SCAN files USING COVERING INDEX sqlite_autoindex_files_1"
        ],
        "file_contains_like": [
          "SCAN files USING COVERING INDEX sqlite_autoindex_files_1"
        ],
        "symbol_contains_like": [
          "SCAN symbols USING INDEX idx_symbols_file",
          "USE TEMP B-TREE FOR LAST TERM OF ORDER BY"
        ],
        "route_contains_like": [
          "SCAN routes",
          "USE TEMP B-TREE FOR ORDER BY"
        ],
        "import_contains_like": [
          "SCAN imports USING INDEX idx_imports_from",
          "USE TEMP B-TREE FOR LAST TERM OF ORDER BY"
        ]
      }
    },
    {
      "file_count": 50000,
      "index_time_ms": 4450.510958,
      "current_db": {
        "file_bytes": 102354944,
        "page_count": 24989,
        "page_size": 4096,
        "page_bytes": 102354944,
        "rows": {
          "files": 50002,
          "symbols": 100001,
          "imports": 50000,
          "routes": 0,
          "edges": 150001
        }
      },
      "contentless_fts_db": {
        "file_bytes": 77066240,
        "page_count": 18815,
        "page_size": 4096,
        "page_bytes": 77066240,
        "rows": {
          "files": 50002,
          "symbols": 100001,
          "imports": 50000,
          "routes": 0,
          "edges": 150001
        }
      },
      "contentless_fts_size_delta_percent": -24.70687102325023,
      "commands": {
        "code_status": {
          "runs": 3,
          "min_ms": 626.872042,
          "median_ms": 632.727792,